INSERT IGNORE INTO category (id, name) VALUES
(1, 'Rock'),
(2, 'Pop'),
(3, 'Jazz'),
(4, 'Hip-Hop'),
(5, 'Classical');

INSERT IGNORE INTO artist (id, name) VALUES
(1, 'The Wild Chords'),
(2, 'Fire Strings'),
(3, 'Stone Rebels'),
(4, 'Iron Pulse'),
(5, 'Shadow Echo'),
(6, 'Midnight Howlers'),
(7, 'Rogue Waves'),
(8, 'Phoenix Rise'),
(9, 'Echo Rangers'),
(10, 'Fire Trails'),
(11, 'Voltage Kings'),
(12, 'Granite Beats'),
(13, 'Iron Shadows'),
(14, 'Oceanic Fury'),
(15, 'Silent Roar');

INSERT IGNORE INTO song (id, name, duration, album, date, category_id) VALUES
(1, 'Raging Storm', 4, 'Echoes of Thunder', '2025-01-01', 1),
(2, 'High Voltage', 5, 'Electric Dreams', '2025-01-15', 1),
(3, 'Breaking Chains', 4, 'Rock & Roll Saga', '2025-02-10', 1),
(4, 'Thunderstrike', 4, 'Metal Heart', '2025-03-05', 1),
(5, 'Lost in Time', 3, 'Echoed Memories', '2025-04-20', 1),
(6, 'Whispered Screams', 5, 'Rebel Souls', '2025-05-15', 1),
(7, 'Roaring Oceans', 4, 'Wild Symphony', '2025-06-30', 1),
(8, 'Ashes and Dust', 4, 'Eternal Flames', '2025-07-14', 1),
(9, 'Shadow Dancer', 4, 'Mystic Trails', '2025-08-01', 1),
(10, 'Sunset Riders', 3, 'Blazing Horizons', '2025-09-09', 1),
(11, 'High on Power', 5, 'Electric Pulse', '2025-10-25', 1),
(12, 'Rock Solid', 4, 'Stone Legends', '2025-11-11', 1),
(13, 'Steel Dreams', 4, 'Metal Echoes', '2025-12-01', 1),
(14, 'Tempest Calls', 4, 'Roaring Waves', '2025-12-15', 1),
(15, 'Echoing Thunder', 5, 'Whispered Echoes', '2025-12-30', 1),
(16, 'Starlit Dreams', 3, 'Dancing Lights', '2025-01-11', 2),
(17, 'Midnight Dance', 4, 'Velvet Nights', '2025-02-18', 2),
(18, 'Neon Streets', 3, 'City Vibes', '2025-03-15', 2),
(19, 'Sunset Glow', 4, 'Golden Waves', '2025-04-20', 2),
(20, 'Heartbeats', 3, 'Electric Feelings', '2025-05-10', 2),
(21, 'Dancing Shadows', 4, 'Rhythmic Harmony', '2025-06-25', 2),
(22, 'Electric Love', 3, 'Sparkling Dreams', '2025-07-14', 2),
(23, 'Shining Bright', 4, 'Pop Paradise', '2025-08-05', 2),
(24, 'Night Lights', 3, 'Urban Rhythms', '2025-09-09', 2),
(25, 'Electric Pulse', 4, 'Electro Groove', '2025-10-02', 2),
(26, 'Neon Glow', 3, 'Midnight Echoes', '2025-11-20', 2),
(27, 'Colorful Beats', 4, 'Vibrant Waves', '2025-12-15', 2),
(28, 'City Lights', 3, 'Starry Nights', '2025-12-31', 2),
(29, 'Shimmering Nights', 4, 'Glowing Dreams', '2025-11-29', 2),
(30, 'Rhythmic Dreams', 4, 'Dance Vibes', '2025-10-19', 2);

INSERT IGNORE INTO song_list_artist (song_list_id, list_artist_id) VALUES
(1, 1), (2, 2), (3, 3), (4, 4), (5, 5),
(6, 6), (7, 7), (8, 8), (9, 9), (10, 10),
(11, 11), (12, 12), (13, 13), (14, 14), (15, 15),
(16, 1), (17, 2), (18, 3), (19, 4), (20, 5),
(21, 6), (22, 7), (23, 8), (24, 9), (25, 10),
(26, 11), (27, 12), (28, 13), (29, 14), (30, 15);
